Max depth,Accuracy,Mean Absolute Error (degrees)
1,0.7215333333333334,0.87
2,0.7914,0.61
3,0.7966,0.61
4,0.8247333333333333,0.46
5,0.8454666666666667,0.37
6,0.8704,0.29
7,0.8800666666666667,0.26
8,0.8813333333333333,0.26
9,0.8791333333333333,0.26
10,0.8779333333333333,0.26
11,0.8754666666666666,0.27
12,0.8691333333333333,0.28
13,0.863,0.3
14,0.8556666666666667,0.32
15,0.8470666666666666,0.34
