Max depth,Accuracy,Mean Absolute Error (degrees)
1,0.7215333333333334,0.87
2,0.7914,0.61
3,0.7966,0.61
4,0.8247333333333333,0.46
5,0.8454,0.37
6,0.8705333333333334,0.29
7,0.8808,0.26
8,0.8818,0.26
9,0.8806,0.26
10,0.8783333333333333,0.26
11,0.8742,0.28
12,0.8669333333333333,0.29
13,0.8564,0.31
14,0.8462,0.33
15,0.8373333333333334,0.36
